fold	Accuracy	BalancedAccuracy	MacroF1	MCC	AUROC	AUPRC
0	0.8666666666666667	0.8676872607982504	0.8564593301435407	0.7168034132670696	0.9622744669218152	0.9363935523498816
1	0.8222222222222222	0.8184800437397485	0.8086124401913876	0.6208743319376476	0.9278294149808638	0.8693811305849806
2	0.9111111111111111	0.9245489338436303	0.9054621848739496	0.8200225704653338	0.9825041006014215	0.9683443509137042
3	0.8666666666666667	0.825	0.8412698412698413	0.6929023281557338	0.9416666666666668	0.913598114209502
4	0.8555555555555555	0.8416666666666667	0.8388207742113238	0.6778943373718261	0.9372222222222222	0.8635122819075416
