{
  "infiltration_high": 0.03884817567148617,
  "cytotoxicity_high": 0.0003244224394449262,
  "dysfunction_high": 0.04248294270429365,
  "exclusion_high": 0.021419589219287397
}