variant	n_edges	H2_SM_prot_coupling	H3_prot_cyto_coupling	H1_serine_SM_coupling	intra_module_sim	inter_module_sim	modularity
FULL	1612	0.18309	0.14541	0.12841	0.41853	0.13994	0.2786
-MC	1312	0.14636	0.18593	-0.00243	0.36456	0.07619	0.28838
-SST	492	-2e-05	0.02016	-0.00195	0.29026	0.00311	0.28715
