variant	n_edges	H2_SM_prot_coupling	H3_prot_cyto_coupling	H1_serine_SM_coupling	intra_module_sim	inter_module_sim	modularity
FULL	1612	0.24548	0.18183	0.13958	0.54121	0.1789	0.36231
-MC	1312	0.20228	0.30672	-0.00074	0.46591	0.11193	0.35398
-SST	492	-2e-05	0.02001	-0.00195	0.28973	0.00309	0.28664
