variant	n_edges	H2_SM_prot_coupling	H3_prot_cyto_coupling	H1_serine_SM_coupling	intra_module_sim	inter_module_sim	modularity
FULL	1129	0.59092	0.24004	0.23929	0.69791	0.31772	0.38019
-MC	829	0.48654	0.44934	-0.0	0.38944	0.23086	0.15858
-SST	9	-0.0	0.0	0.0	0.01694	0.0	0.01694
