activation_quintile	n_cells	protrusion_cytotox_r	p	activation_score_range
0	1662	0.2543	6.038256180654652e-26	[-0.60, -0.31]
1	1662	0.2587	7.954865673829304e-27	[-0.31, -0.12]
2	1662	0.1775	3.114900566150886e-13	[-0.12, 0.06]
3	1662	0.2434	7.83379034608833e-24	[0.06, 0.30]
4	1662	0.2776	8.73406373884386e-31	[0.30, 1.76]
