comparator	metric	observed_delta	ci_low	ci_high	n_bootstrap	verdict
no_graph	AUROC	-0.009689487467265168	-0.018519453797231654	-0.0023933782267116866	2000	no_stable_external_gain
no_graph	AUPRC	-0.020513318000482283	-0.03814007405995175	-0.006276902662802398	2000	no_stable_external_gain
merged_svd	AUROC	0.006584362139917754	-0.006509539842873169	0.019978488589599518	2000	no_stable_external_gain
merged_svd	AUPRC	0.003352176366591242	-0.019110922928070772	0.026297527786780003	2000	no_stable_external_gain
uniform_multiview	AUROC	-0.0014964459408902675	-0.005387205387205385	0.002282080059857863	2000	no_stable_external_gain
uniform_multiview	AUPRC	-0.005790908649612403	-0.014294787391110059	0.0020586050795769273	2000	no_stable_external_gain
