view	weight_mean	weight_std	n_seeds	top_rank_count	stable_preference
generic_interaction	0.16864845007658005	0.0034688144163158084	10	1	False
ligand_receptor	0.15684638023376465	0.004663027579732996	10	0	False
metabolic_crosstalk	0.1506883382797241	0.006054600747943703	10	0	False
sm_topology_axis	0.1688883975148201	0.0021878092259960714	10	0	False
go_prior	0.17350407540798188	0.004700636121218188	10	2	False
msigdb_prior	0.1814243510365486	0.009179922115965196	10	7	False
