comparison	raw_r	raw_p	residualized_r	residualized_p	delta_r	r2_tech_x	r2_tech_y
H2: SM -> protrusion	0.0301	0.005995679314449449	0.0231	0.03526866389009836	-0.007	0.0074	0.4736
H3: protrusion -> cytotoxicity	0.3176	4.582689575017074e-194	0.0935	1.3345543499571738e-17	-0.2241	0.4736	0.2286
H4: topology -> checkpoint	0.0505	4.175176284258115e-06	0.0045	0.6824384665361932	-0.046	0.0696	0.0326
